{
    "휠러": "휠러 핸드폰 거치대",
    "아이온": "아이온 휴대폰 거치대",
    "스켈레톤": "스켈레톤 휴대폰 거치대",
    "맥세이프 링": "맥세이프 링",
    "맥세이프 알로이": "맥세이프 알로이 고속 무선충전 거치대",
    "얼티밋": "얼티밋 자석거치대",
    "펠티어": "맥세이프 펠티어 무선충전 거치대",
    "스위프트": "스위프트 프로 무선 충전 거치대",
    "디플렛": "대쉬보드 디플렛 겔패드",
    "차량용논슬립패드": "스마트 멀티 거치대 논슬립패드",
    "슬림핏": "슬림핏 자석거치대",
    "슬림프로": "슬림프로 자석거치대",
    "헤드레스트 듀얼": "헤드레스트 듀얼 거치대",
    "사계절 온도조절 프리미엄 데시": "프리미엄 대쉬보드커버",

    "쏘렌토 MQ4 차량용 포맥스": "쏘렌토 MQ4 포맥스 멀티 컵홀더",
    "포맥스": "포맥스 멀티 컵홀더",
    "2in1 멀티 컵홀더": "2in1 멀티 컵홀더",
    "2in1 컵홀더": "2in1 멀티 컵홀더",
    "5in1 차량용 멀티 컵홀더 트레이": "5in1 멀티 컵홀더 트레이",
    "5in1 차량용 멀티 컵홀더 자동차컵홀더": "5in1 멀티 컵홀더",
    "자동차컵홀더 트레이": "차량용 멀티 컵홀더 트레이",
    "빅세이프": "빅세이프 컵홀더",
    "스팟온": "스팟온 송풍구 컵홀더",
    "틈새 가죽 컵홀더": "사이드 틈새 컵홀더 가죽 수납함",
    "트레이 자동차 2열": "트레이 자동차 2열 멀티컵홀더",
    "멀티캐쳐": "멀티 캡쳐 컵홀더 트레이",
    "자바라": "송풍구 자바라 다우닝 수납함",
    "보온보냉 스테인레스": "보온보냉 멀티컵홀더",
    "오프셋": "송풍구형 오프센 멀티3 컵홀더",

    "헤드넥": "헤드넥 목쿠션",
    "목쿠션 허리": "등받이 목쿠션 2종세트",
    "베리어": "베리어 목쿠션",
    "메모리폼 목쿠션": "목쿠션 메모리폼",
    "이브 콘솔쿠션": "팔걸이 이브 콘솔쿠션",
    "퀄팅 콘솔쿠션": "팔걸이 퀄팅 콘솔쿠션",
    "틈새 암레스트": "틈새 암레스트 메모리폼 콘솔쿠션",
    "헤드레스트 프로": "헤드레스트 프로 목받침",
    "멜팅 벨벳": "멜팅 벨벳 쿠션커버",
    "허벅지": "허벅지 연장 시트",
    "프로텍": "킥매트 프로텍",
    "테일즈": "테일즈 카시트 보호매트",
    "오버랩": "오버랩 시트커버",

    "세차 브러쉬": "2in1 세차 브러쉬",
    "미니 브러쉬": "소프트 미니 브러쉬",
    "백미러 워터리스": "백미러 워터리스 물기제거기",
    "성에제거기": "성에제거기 아이스 스크래퍼",
    "윈도우브러쉬": "와이퍼 단품",
    "와이퍼": "와이퍼",

    "A.가죽키링": "A.가죽키링",
    "B.가죽키링": "B.가죽키링",
    "C.가죽키링": "C.가죽키링",
    "모던가죽 키링": "모던가죽 키링",
    "심플가죽 키링": "심플가죽 키링",
    "내가 그린 기린 키링": "내가 그린 기린 키링",
    "풍선개 키링": "풍선개 키링",
    "목용탕에 왔어 키링": "목욕탕에 왔어 키링",
    "목욕탕에 왔어 키링": "목욕탕에 왔어 키링",
    "내친구 우주인 키링": "내친구 우주인 키링",
    "골드마우스 키링": "골드마우스 키링",
    "도그도그 키링": "도그도그 키링",
    "라이트베어 키링": "라이트베어 키링",

    "그레이스 트렁크정리함": "그레이스 트렁크정리함",
    "콰트로": "콰트로 2층 트렁크정리함",
    "깔끔이": "깔끔이 트렁크정리함",
    "트레일 자동차 트렁크정리함": "트레일 트렁크정리함",
    "카멜레온": "카멜레온 트렁크정리함",
    "프레임 수납": "프레임 포켓 트렁크정리함",
    "캠핑 테이블": "접이식 트렁크정리함 테이블",

    "프리미엄 극세사 타월": "프리미엄 극세사 타월",
    "프리미엄 극세사 세차 타월": "프리미엄 극세사 타월",
    "무봉제 양면 버핑 타월": "무봉제 양면 버핑 타월",
    "프리미엄 QD 버핑 타월": "프리미엄 QD 버핑 타월",
    "피시스케일 글래스 타월": "피시스케일 글래스 타월",
    "더블 레이어드 드라잉 타월": "더블 레이어드 드라잉 타월",
    "더블 레이어드 양면 드라잉 타월": "더블 레이어드 드라잉 타월",
    "트위스트 드라잉 타월": "트위스트 드라잉 타월",
    "디테일링 버블 워시미트": "디테일링 버블 워시미트",
    "세차 타월 용품 5종 세트": "올인원 세차 타월 5종 세트",

    "뒷좌석 시트포켓": "뒷좌석 시트포켓",
    "뒷자석 시트포켓": "뒷좌석 시트포켓",
    "어메이진": "뒷좌석 어메이진 수납함",
    "럭셔리": "뒷좌석 럭셔리 수납포켓",
    "멀티 트레이 킥매트": "킥매트 멀티 수납형",
    "킥매트 멀티 수납형": "킥매트 멀티 수납형",
    "스텐다드 사이드포켓": "스텐다드 사이드 포켓 운전석+조수석 세트",
    "다이아 틈새": "다이아 틈새가죽포켓",
    "사이드포켓 틈새 자동차 수납함": "사이드포켓",
    "사이드 포켓 수납 틈새": "사이드포켓",
    "콘솔수납 백커버 포켓": "콘솔수납 백커버 포켓",
    "핸들 트레이 식탁": "핸들 테이블 트레이 ",
    "정리광": "정리광 사이드 수납함",
    "클립 롤링": "썬바이저 클립 롤링 홀더 거치대",
    "플랫": "썬바이저 플랫 클립",
    "미니 카드 포켓": "썬바이저 미니 정리포켓",
    "미니 포켓 홀더": "썬바이저 미니 정리포켓",
    "클립 카드 홀더": "썬바이저 클립 카드 포켓 홀더 정리함",
    "카드 포켓 홀더": "썬바이저 클립 카드 포켓 홀더 정리함",
    "스퀘어 선바이저": "썬바이저 스퀘어 거치대",
    "선구리": "썬바이저 선구리 안경 거치대 수납함",

    "소프트링": "핸들커버 소프트링",
    "트위스트 레더": "핸들커버 트위스트 레더",
    "쏘렌토 MQ4 스포츠 핸들커버": "핸들커버 스포츠 쏘렌토 MQ4",
    "가죽 타공 순정형": "핸들커버 스포츠",
    "클래식 자동차 순정형": "핸들커버 클래식",
    "오리지널 투톤 자동차 핸들커버": "핸들커버 오리지널 투톤",
    "웨이비": "핸들커버 웨이비",
    "스테리아": "핸들커버 스테리아",
    "소프트 체스": "핸들커버 소프트 체스",
    "스포츠 웨이브": "핸들커버 스포츠 웨이브",
    "스포츠 투 웨이브": "핸들커버 스포츠 투 웨이브",

    "송풍구 집게형": "송풍구 집게형",
    "송풍구 걸이형": "송풍구 걸이형",
    "송풍구 라운드 받침형": "송풍구 라운드 받침형",
    "송풍구 스퀘어 받침형": "송풍구 스퀘어 받침형",
    "송풍구 스틱 회전형": "송풍구 스틱 회전형",
    "송풍구 와이드 회전형": "송풍구 와이드 회전형",
    "스트랩 각인": "스트랩 각인",
    "키체인 단면각인": "키체인 단면각인",
    "키체인 양면각인": "키체인 양면각인",
    "키체인 단면각인 금박": "키체인 단면각인 금박",
    "키체인 양면각인 금박": "키체인 양면각인 금박",
    "테슬 추가": "테슬추가",
    "카우하이드 키체인 추가": "카우하이드 키체인 추가",
    "메탈 TPU": "징크우드 키케이스",
    "JH": "TPU 키케이스",
    "S2": "S2 키케이스",
    "S3": "S3 키케이스",
    "S4": "S4 키케이스",
    "ZW": "징크우드 키케이스",
    "TPU": "TPU 키케이스",

    "타이탄 청소기 + 미니 브러쉬": "타이탄 청소기 + 미니 브러쉬(1개증정)",
    "타이탄 청소기 헤파필터 추가": "타이탄 청소기 헤파필터",
    "타이탄 청소기": "타이탄 청소기 + 헤파필터",
    "실내 핸디 소형 에어건": "타이탄 청소기 + 헤파필터",

    "센트세이": "센트세이 차량용 방향제",
    "디퓨저 리필액": "앤코코 디퓨저 리필액",
    "앤코코": "앤코코 디퓨저",
    "미니공병 추가": "미니공병",
    "석고방향제 오일 리필액": "석고방향제 오일 리필액 추가",
    "석고방향제 추가": "석고방향제 추가",
    "로얄": "석고방향제",

    "유니코드": "유니코드 주차번호판",
    "루미너스": "루미너스 주차번호판",
    "secret": "시크릿 주차번호판",

    "솔리드": "솔리드 가드도어 스펀지 패드",
    "문콕방지가드": "퍼펙트 도어가드",
    "반사스티커": "도어 충돌방지 반사스티커",

    "우산형": "차량용 햇빛가리개 우산형",
    "포비드": "성에방지커버",
    "프론트윈": "성에방지커버 블랙박스형",
    "익스텐션": "익스텐션 선바이저 썬가드",
    "선블럭 차박": "선블럭 차박 햇빛가리개",

    "원터치": "원터치 차량용 쓰레기통",
    "커버온": "커버온 차량용 쓰레기통",

    "험로": "험로탈출 트랙보드",
    "배터리 터미널": "배터리 터미널 커버형",

    "1+2+3열+트렁크/2+3열 보조매트": "코일 스타리아 1+2+3열+트렁크/2+3열 보조매트",
    "투어러 11인승 코일매트": "코일 스타리아 1+2+3열+트렁크/2+3열 보조매트",
    "투어러 9인승 코일매트": "코일 스타리아 1+2+3열+트렁크/2+3열 보조매트",
    "라운지 9인승 코일매트": "코일 스타리아 1+2+3열+트렁크/2+3열 보조매트",
    "라운지 7인승 코일매트": "코일 스타리아 1+2+3열+트렁크/2+3열 보조매트",

    "카고 5밴 코일매트": "",

    "카고 3밴 코일매트": "코일 스타리아 1열만",

    "1+2+3+4열(트렁크)": "코일 카니발 1+2+3+4열(트렁크)",

    "카니발 KA4 PE 페이스리프트 코일매트": "코일 카니발 1+2+3열",
    "카니발 KA4 코일매트": "코일 카니발 1+2+3열",
    "올뉴 더뉴 카니발 코일매트": "코일 카니발 1+2+3열",

    "3열추가": "코일 3열추가",
    "운전석만_엣지형 변경": "코일 운전석만_엣지형 변경",
    "1열만_엣지형 변경": "코일 1열만_엣지형 변경",
    "2열만_엣지형 변경": "코일 2열만_엣지형 변경",
    "1+2열_엣지형 변경": "코일 1+2열_엣지형 변경",
    "1+2+3열_엣지형 변경": "코일 1+2+3열_엣지형 변경",
    "트렁크매트_일반형": "코일 트렁크매트_일반형",
    "트렁크매트_엣지형": "코일 트렁크매트_엣지형",

    "매트구성 (승용): 운전석만": "코일 운전석만",
    "매트구성 (승용): 1열만": "코일 1열만",
    "매트구성 (승용): 1열+2열": "코일 1열+2열",
    "매트구성 (승용): 2열만": "코일 2열만",
    "매트구성 (승용): 3열만": "코일 3열만"
}